[{"model": "admin.logentry", "pk": 1, "fields": {"action_time": "2020-09-25T10:35:08.160Z", "user": 1, "content_type": 13, "object_id": "1", "object_repr": "sweet", "action_flag": 1, "change_message": "[{\"added\": {}}]"}}, {"model": "admin.logentry", "pk": 2, "fields": {"action_time": "2020-09-25T10:35:15.641Z", "user": 1, "content_type": 13, "object_id": "2", "object_repr": "fizzy", "action_flag": 1, "change_message": "[{\"added\": {}}]"}}, {"model": "admin.logentry", "pk": 3, "fields": {"action_time": "2020-09-25T10:36:13.075Z", "user": 1, "content_type": 13, "object_id": "3", "object_repr": "non-fizzy", "action_flag": 1, "change_message": "[{\"added\": {}}]"}}, {"model": "admin.logentry", "pk": 4, "fields": {"action_time": "2020-09-25T10:38:29.987Z", "user": 1, "content_type": 14, "object_id": "1", "object_repr": "Fizzy Worms", "action_flag": 1, "change_message": "[{\"added\": {}}]"}}, {"model": "admin.logentry", "pk": 5, "fields": {"action_time": "2020-09-25T10:39:36.703Z", "user": 1, "content_type": 17, "object_id": "1", "object_repr": "SWEET05", "action_flag": 1, "change_message": "[{\"added\": {}}]"}}, {"model": "admin.logentry", "pk": 6, "fields": {"action_time": "2020-09-28T01:33:07.484Z", "user": 1, "content_type": 15, "object_id": "a728fdea-1213-41cd-b4a4-f2a9599b81a5", "object_repr": "Order object (a728fdea-1213-41cd-b4a4-f2a9599b81a5)", "action_flag": 3, "change_message": ""}}, {"model": "admin.logentry", "pk": 7, "fields": {"action_time": "2020-09-28T01:33:07.506Z", "user": 1, "content_type": 15, "object_id": "8cfcb000-624d-495a-84b3-ddbf15e258f0", "object_repr": "Order object (8cfcb000-624d-495a-84b3-ddbf15e258f0)", "action_flag": 3, "change_message": ""}}, {"model": "admin.logentry", "pk": 8, "fields": {"action_time": "2020-09-28T01:33:07.522Z", "user": 1, "content_type": 15, "object_id": "787d17e5-bac2-4c7d-8190-e0a0e555d14e", "object_repr": "Order object (787d17e5-bac2-4c7d-8190-e0a0e555d14e)", "action_flag": 3, "change_message": ""}}, {"model": "admin.logentry", "pk": 9, "fields": {"action_time": "2020-09-28T01:33:07.537Z", "user": 1, "content_type": 15, "object_id": "700e3b7c-8100-4b24-a315-cc4f57d9a094", "object_repr": "Order object (700e3b7c-8100-4b24-a315-cc4f57d9a094)", "action_flag": 3, "change_message": ""}}, {"model": "admin.logentry", "pk": 10, "fields": {"action_time": "2020-09-28T01:33:07.556Z", "user": 1, "content_type": 15, "object_id": "6b4462df-33e3-42de-af63-3af53a5e91a1", "object_repr": "Order object (6b4462df-33e3-42de-af63-3af53a5e91a1)", "action_flag": 3, "change_message": ""}}, {"model": "admin.logentry", "pk": 11, "fields": {"action_time": "2020-09-28T01:33:07.576Z", "user": 1, "content_type": 15, "object_id": "6b0c9866-1352-42e6-bdac-a0b5f5fd05a6", "object_repr": "Order object (6b0c9866-1352-42e6-bdac-a0b5f5fd05a6)", "action_flag": 3, "change_message": ""}}, {"model": "admin.logentry", "pk": 12, "fields": {"action_time": "2020-09-28T01:33:07.596Z", "user": 1, "content_type": 15, "object_id": "4d9cb802-a2a5-415f-a3a3-c2f0f8081b2a", "object_repr": "Order object (4d9cb802-a2a5-415f-a3a3-c2f0f8081b2a)", "action_flag": 3, "change_message": ""}}, {"model": "admin.logentry", "pk": 13, "fields": {"action_time": "2020-09-28T01:33:07.618Z", "user": 1, "content_type": 15, "object_id": "345f744f-1b75-4313-a62d-593103200d25", "object_repr": "Order object (345f744f-1b75-4313-a62d-593103200d25)", "action_flag": 3, "change_message": ""}}, {"model": "admin.logentry", "pk": 14, "fields": {"action_time": "2020-09-28T01:33:07.643Z", "user": 1, "content_type": 15, "object_id": "0dfda096-db8b-400c-bc46-c499bfae8dfc", "object_repr": "Order object (0dfda096-db8b-400c-bc46-c499bfae8dfc)", "action_flag": 3, "change_message": ""}}, {"model": "admin.logentry", "pk": 15, "fields": {"action_time": "2020-09-28T21:38:54.132Z", "user": 1, "content_type": 13, "object_id": "4", "object_repr": "sour", "action_flag": 1, "change_message": "[{\"added\": {}}]"}}, {"model": "admin.logentry", "pk": 16, "fields": {"action_time": "2020-09-28T21:39:01.823Z", "user": 1, "content_type": 13, "object_id": "5", "object_repr": "fruity", "action_flag": 1, "change_message": "[{\"added\": {}}]"}}, {"model": "admin.logentry", "pk": 17, "fields": {"action_time": "2020-09-28T21:39:21.023Z", "user": 1, "content_type": 13, "object_id": "6", "object_repr": "hardCandy", "action_flag": 1, "change_message": "[{\"added\": {}}]"}}, {"model": "admin.logentry", "pk": 18, "fields": {"action_time": "2020-09-28T21:39:27.558Z", "user": 1, "content_type": 13, "object_id": "7", "object_repr": "chocolate", "action_flag": 1, "change_message": "[{\"added\": {}}]"}}, {"model": "admin.logentry", "pk": 19, "fields": {"action_time": "2020-09-28T21:39:56.948Z", "user": 1, "content_type": 15, "object_id": "d8e1a018-bd08-41ca-923e-deecff4fe16e", "object_repr": "Order object (d8e1a018-bd08-41ca-923e-deecff4fe16e)", "action_flag": 2, "change_message": "[{\"changed\": {\"name\": \"order item\", \"object\": \"Fizzy Worms on orderd8e1a018-bd08-41ca-923e-deecff4fe16e\", \"fields\": [\"Quantity\"]}}]"}}, {"model": "admin.logentry", "pk": 20, "fields": {"action_time": "2020-09-28T21:40:15.710Z", "user": 1, "content_type": 15, "object_id": "d8e1a018-bd08-41ca-923e-deecff4fe16e", "object_repr": "Order object (d8e1a018-bd08-41ca-923e-deecff4fe16e)", "action_flag": 2, "change_message": "[{\"changed\": {\"fields\": [\"Coupon\"]}}]"}}, {"model": "admin.logentry", "pk": 21, "fields": {"action_time": "2020-09-28T21:43:25.886Z", "user": 1, "content_type": 14, "object_id": "2", "object_repr": "jelly beans", "action_flag": 1, "change_message": "[{\"added\": {}}]"}}, {"model": "admin.logentry", "pk": 22, "fields": {"action_time": "2020-09-28T21:46:52.298Z", "user": 1, "content_type": 14, "object_id": "3", "object_repr": "Mallow Hearts", "action_flag": 1, "change_message": "[{\"added\": {}}]"}}, {"model": "admin.logentry", "pk": 23, "fields": {"action_time": "2020-09-28T21:49:29.203Z", "user": 1, "content_type": 14, "object_id": "4", "object_repr": "Wine Gums", "action_flag": 1, "change_message": "[{\"added\": {}}]"}}, {"model": "admin.logentry", "pk": 24, "fields": {"action_time": "2020-09-28T21:52:26.391Z", "user": 1, "content_type": 14, "object_id": "5", "object_repr": "Butterscotch Candies", "action_flag": 1, "change_message": "[{\"added\": {}}]"}}, {"model": "admin.logentry", "pk": 25, "fields": {"action_time": "2020-09-28T21:54:55.014Z", "user": 1, "content_type": 14, "object_id": "6", "object_repr": "Coconut Milk Chocolate", "action_flag": 1, "change_message": "[{\"added\": {}}]"}}, {"model": "admin.logentry", "pk": 26, "fields": {"action_time": "2020-09-29T11:52:47.655Z", "user": 1, "content_type": 4, "object_id": "2", "object_repr": "test", "action_flag": 3, "change_message": ""}}, {"model": "admin.logentry", "pk": 27, "fields": {"action_time": "2020-09-29T11:55:15.619Z", "user": 1, "content_type": 15, "object_id": "ffa481d6-a3bc-418b-ae6a-86db26b89e74", "object_repr": "Order object (ffa481d6-a3bc-418b-ae6a-86db26b89e74)", "action_flag": 3, "change_message": ""}}, {"model": "admin.logentry", "pk": 28, "fields": {"action_time": "2020-09-29T11:55:35.567Z", "user": 1, "content_type": 15, "object_id": "f57df744-003f-47d2-a79b-caadb9ca3c2a", "object_repr": "Order object (f57df744-003f-47d2-a79b-caadb9ca3c2a)", "action_flag": 3, "change_message": ""}}, {"model": "admin.logentry", "pk": 29, "fields": {"action_time": "2020-09-29T11:55:35.593Z", "user": 1, "content_type": 15, "object_id": "f41df372-664f-4d24-baa7-055a4a4a31f2", "object_repr": "Order object (f41df372-664f-4d24-baa7-055a4a4a31f2)", "action_flag": 3, "change_message": ""}}, {"model": "admin.logentry", "pk": 30, "fields": {"action_time": "2020-09-29T11:55:35.616Z", "user": 1, "content_type": 15, "object_id": "e1d478a7-d2d2-4b76-a545-1957c29a0fe5", "object_repr": "Order object (e1d478a7-d2d2-4b76-a545-1957c29a0fe5)", "action_flag": 3, "change_message": ""}}, {"model": "admin.logentry", "pk": 31, "fields": {"action_time": "2020-09-29T11:55:35.638Z", "user": 1, "content_type": 15, "object_id": "d8e1a018-bd08-41ca-923e-deecff4fe16e", "object_repr": "Order object (d8e1a018-bd08-41ca-923e-deecff4fe16e)", "action_flag": 3, "change_message": ""}}, {"model": "admin.logentry", "pk": 32, "fields": {"action_time": "2020-09-29T11:55:35.661Z", "user": 1, "content_type": 15, "object_id": "bf434112-4222-4aaa-b5fb-5bb674c23594", "object_repr": "Order object (bf434112-4222-4aaa-b5fb-5bb674c23594)", "action_flag": 3, "change_message": ""}}, {"model": "admin.logentry", "pk": 33, "fields": {"action_time": "2020-09-29T11:55:35.683Z", "user": 1, "content_type": 15, "object_id": "bdb461ac-bce7-4904-9f8e-7bcc401f91aa", "object_repr": "Order object (bdb461ac-bce7-4904-9f8e-7bcc401f91aa)", "action_flag": 3, "change_message": ""}}, {"model": "admin.logentry", "pk": 34, "fields": {"action_time": "2020-09-29T11:55:35.714Z", "user": 1, "content_type": 15, "object_id": "bceddb34-29bb-4226-94c0-5b7c1b5a4cc7", "object_repr": "Order object (bceddb34-29bb-4226-94c0-5b7c1b5a4cc7)", "action_flag": 3, "change_message": ""}}, {"model": "admin.logentry", "pk": 35, "fields": {"action_time": "2020-09-29T11:55:35.748Z", "user": 1, "content_type": 15, "object_id": "ab03f9a3-d904-4804-a538-b361f6e73df9", "object_repr": "Order object (ab03f9a3-d904-4804-a538-b361f6e73df9)", "action_flag": 3, "change_message": ""}}, {"model": "admin.logentry", "pk": 36, "fields": {"action_time": "2020-09-29T11:55:35.772Z", "user": 1, "content_type": 15, "object_id": "a7f79725-4c75-40c3-9cc3-8105b0652d72", "object_repr": "Order object (a7f79725-4c75-40c3-9cc3-8105b0652d72)", "action_flag": 3, "change_message": ""}}, {"model": "admin.logentry", "pk": 37, "fields": {"action_time": "2020-09-29T11:55:35.794Z", "user": 1, "content_type": 15, "object_id": "a26f1490-6d6c-4552-8cfa-c66243df01ff", "object_repr": "Order object (a26f1490-6d6c-4552-8cfa-c66243df01ff)", "action_flag": 3, "change_message": ""}}, {"model": "admin.logentry", "pk": 38, "fields": {"action_time": "2020-09-29T11:55:35.816Z", "user": 1, "content_type": 15, "object_id": "a1c20bd1-7474-4a18-85a8-8767f1945a6b", "object_repr": "Order object (a1c20bd1-7474-4a18-85a8-8767f1945a6b)", "action_flag": 3, "change_message": ""}}, {"model": "admin.logentry", "pk": 39, "fields": {"action_time": "2020-09-29T11:55:35.841Z", "user": 1, "content_type": 15, "object_id": "8d837710-47f4-47e4-84e8-c928088ea3c2", "object_repr": "Order object (8d837710-47f4-47e4-84e8-c928088ea3c2)", "action_flag": 3, "change_message": ""}}, {"model": "admin.logentry", "pk": 40, "fields": {"action_time": "2020-09-29T11:55:35.867Z", "user": 1, "content_type": 15, "object_id": "6feaead2-dda9-4f0c-9261-bfa39fdc3206", "object_repr": "Order object (6feaead2-dda9-4f0c-9261-bfa39fdc3206)", "action_flag": 3, "change_message": ""}}, {"model": "admin.logentry", "pk": 41, "fields": {"action_time": "2020-09-29T11:55:35.888Z", "user": 1, "content_type": 15, "object_id": "6ee3df1d-04d5-48b3-9f82-ef8007cf5732", "object_repr": "Order object (6ee3df1d-04d5-48b3-9f82-ef8007cf5732)", "action_flag": 3, "change_message": ""}}, {"model": "admin.logentry", "pk": 42, "fields": {"action_time": "2020-09-29T11:55:35.909Z", "user": 1, "content_type": 15, "object_id": "63a29b24-8fbd-451b-ad35-0bbe0ae29991", "object_repr": "Order object (63a29b24-8fbd-451b-ad35-0bbe0ae29991)", "action_flag": 3, "change_message": ""}}, {"model": "admin.logentry", "pk": 43, "fields": {"action_time": "2020-09-29T11:55:35.932Z", "user": 1, "content_type": 15, "object_id": "52f9bd39-ea14-47a7-85b1-b0bc5effc5ef", "object_repr": "Order object (52f9bd39-ea14-47a7-85b1-b0bc5effc5ef)", "action_flag": 3, "change_message": ""}}, {"model": "admin.logentry", "pk": 44, "fields": {"action_time": "2020-09-29T11:55:35.953Z", "user": 1, "content_type": 15, "object_id": "4c13336c-47f5-422d-abd3-264172607494", "object_repr": "Order object (4c13336c-47f5-422d-abd3-264172607494)", "action_flag": 3, "change_message": ""}}, {"model": "admin.logentry", "pk": 45, "fields": {"action_time": "2020-09-29T11:55:35.975Z", "user": 1, "content_type": 15, "object_id": "3b045674-9ba3-4d2e-a703-5015fb0b5bcc", "object_repr": "Order object (3b045674-9ba3-4d2e-a703-5015fb0b5bcc)", "action_flag": 3, "change_message": ""}}, {"model": "admin.logentry", "pk": 46, "fields": {"action_time": "2020-09-29T11:55:35.997Z", "user": 1, "content_type": 15, "object_id": "38d993f1-3e23-4bdf-98c5-9d70c4beb585", "object_repr": "Order object (38d993f1-3e23-4bdf-98c5-9d70c4beb585)", "action_flag": 3, "change_message": ""}}, {"model": "admin.logentry", "pk": 47, "fields": {"action_time": "2020-09-29T11:55:36.021Z", "user": 1, "content_type": 15, "object_id": "32f3ee6e-2423-484c-aa89-8f1c3ee93a6f", "object_repr": "Order object (32f3ee6e-2423-484c-aa89-8f1c3ee93a6f)", "action_flag": 3, "change_message": ""}}, {"model": "admin.logentry", "pk": 48, "fields": {"action_time": "2020-09-29T11:55:36.042Z", "user": 1, "content_type": 15, "object_id": "1fb83427-3d00-4b3e-9e99-fa3038535273", "object_repr": "Order object (1fb83427-3d00-4b3e-9e99-fa3038535273)", "action_flag": 3, "change_message": ""}}, {"model": "admin.logentry", "pk": 49, "fields": {"action_time": "2020-09-29T13:46:48.452Z", "user": 1, "content_type": 4, "object_id": "4", "object_repr": "girl", "action_flag": 3, "change_message": ""}}, {"model": "admin.logentry", "pk": 50, "fields": {"action_time": "2020-09-29T13:46:48.476Z", "user": 1, "content_type": 4, "object_id": "6", "object_repr": "lily55", "action_flag": 3, "change_message": ""}}, {"model": "admin.logentry", "pk": 51, "fields": {"action_time": "2020-09-29T13:46:48.508Z", "user": 1, "content_type": 4, "object_id": "3", "object_repr": "test2", "action_flag": 3, "change_message": ""}}, {"model": "admin.logentry", "pk": 52, "fields": {"action_time": "2020-09-29T13:46:48.533Z", "user": 1, "content_type": 4, "object_id": "5", "object_repr": "testtest", "action_flag": 3, "change_message": ""}}, {"model": "admin.logentry", "pk": 53, "fields": {"action_time": "2020-09-29T15:34:36.859Z", "user": 1, "content_type": 4, "object_id": "8", "object_repr": "daisy", "action_flag": 3, "change_message": ""}}, {"model": "admin.logentry", "pk": 54, "fields": {"action_time": "2020-09-29T15:34:36.988Z", "user": 1, "content_type": 4, "object_id": "9", "object_repr": "daisy55", "action_flag": 3, "change_message": ""}}, {"model": "admin.logentry", "pk": 55, "fields": {"action_time": "2020-09-29T15:34:37.011Z", "user": 1, "content_type": 4, "object_id": "7", "object_repr": "lily55", "action_flag": 3, "change_message": ""}}, {"model": "admin.logentry", "pk": 56, "fields": {"action_time": "2020-09-29T15:34:37.031Z", "user": 1, "content_type": 4, "object_id": "10", "object_repr": "sadie", "action_flag": 3, "change_message": ""}}, {"model": "admin.logentry", "pk": 57, "fields": {"action_time": "2020-09-29T15:55:18.597Z", "user": 1, "content_type": 14, "object_id": "7", "object_repr": "Fizzy Hearts", "action_flag": 1, "change_message": "[{\"added\": {}}]"}}, {"model": "admin.logentry", "pk": 58, "fields": {"action_time": "2020-09-29T15:57:03.045Z", "user": 1, "content_type": 14, "object_id": "8", "object_repr": "candied fruit jellies", "action_flag": 1, "change_message": "[{\"added\": {}}]"}}, {"model": "admin.logentry", "pk": 59, "fields": {"action_time": "2020-09-29T16:01:40.451Z", "user": 1, "content_type": 14, "object_id": "8", "object_repr": "Sour candied fruit jellies", "action_flag": 2, "change_message": "[{\"changed\": {\"fields\": [\"Name\", \"Description\"]}}]"}}, {"model": "admin.logentry", "pk": 60, "fields": {"action_time": "2020-09-29T16:03:17.300Z", "user": 1, "content_type": 14, "object_id": "9", "object_repr": "sour jellyworms", "action_flag": 1, "change_message": "[{\"added\": {}}]"}}, {"model": "admin.logentry", "pk": 61, "fields": {"action_time": "2020-09-29T16:05:09.541Z", "user": 1, "content_type": 14, "object_id": "10", "object_repr": "Chocolate Sprinkled bites", "action_flag": 1, "change_message": "[{\"added\": {}}]"}}, {"model": "admin.logentry", "pk": 62, "fields": {"action_time": "2020-09-29T16:06:23.203Z", "user": 1, "content_type": 13, "object_id": "5", "object_repr": "fruity", "action_flag": 3, "change_message": ""}}, {"model": "admin.logentry", "pk": 63, "fields": {"action_time": "2020-09-29T16:06:23.236Z", "user": 1, "content_type": 13, "object_id": "3", "object_repr": "non-fizzy", "action_flag": 3, "change_message": ""}}, {"model": "admin.logentry", "pk": 64, "fields": {"action_time": "2020-09-29T16:08:24.932Z", "user": 1, "content_type": 14, "object_id": "11", "object_repr": "Salted Carmel Fudge", "action_flag": 1, "change_message": "[{\"added\": {}}]"}}, {"model": "admin.logentry", "pk": 65, "fields": {"action_time": "2020-09-29T17:13:13.079Z", "user": 1, "content_type": 15, "object_id": "e15627b6-ae92-40e7-b051-f4fa274f11ff", "object_repr": "Order object (e15627b6-ae92-40e7-b051-f4fa274f11ff)", "action_flag": 3, "change_message": ""}}, {"model": "admin.logentry", "pk": 66, "fields": {"action_time": "2020-09-29T17:13:13.104Z", "user": 1, "content_type": 15, "object_id": "d5bcfe1f-086b-4869-bf36-4f529f40209d", "object_repr": "Order object (d5bcfe1f-086b-4869-bf36-4f529f40209d)", "action_flag": 3, "change_message": ""}}, {"model": "admin.logentry", "pk": 67, "fields": {"action_time": "2020-09-29T17:13:13.128Z", "user": 1, "content_type": 15, "object_id": "d15c85e5-80f1-44b8-b56c-128447248b7a", "object_repr": "Order object (d15c85e5-80f1-44b8-b56c-128447248b7a)", "action_flag": 3, "change_message": ""}}, {"model": "admin.logentry", "pk": 68, "fields": {"action_time": "2020-09-29T17:13:13.154Z", "user": 1, "content_type": 15, "object_id": "bdac1947-e6d5-45af-94fc-0edbeae9915e", "object_repr": "Order object (bdac1947-e6d5-45af-94fc-0edbeae9915e)", "action_flag": 3, "change_message": ""}}, {"model": "admin.logentry", "pk": 69, "fields": {"action_time": "2020-09-29T17:13:13.176Z", "user": 1, "content_type": 15, "object_id": "b7dd8386-f259-4198-b60b-40285a4974be", "object_repr": "Order object (b7dd8386-f259-4198-b60b-40285a4974be)", "action_flag": 3, "change_message": ""}}, {"model": "admin.logentry", "pk": 70, "fields": {"action_time": "2020-09-29T17:13:13.198Z", "user": 1, "content_type": 15, "object_id": "a3c0d727-88b1-41dc-8533-0601d9200e44", "object_repr": "Order object (a3c0d727-88b1-41dc-8533-0601d9200e44)", "action_flag": 3, "change_message": ""}}, {"model": "admin.logentry", "pk": 71, "fields": {"action_time": "2020-09-29T17:13:13.219Z", "user": 1, "content_type": 15, "object_id": "a1e1d311-ecb8-4f10-94f6-f3519332d948", "object_repr": "Order object (a1e1d311-ecb8-4f10-94f6-f3519332d948)", "action_flag": 3, "change_message": ""}}, {"model": "admin.logentry", "pk": 72, "fields": {"action_time": "2020-09-29T17:13:13.242Z", "user": 1, "content_type": 15, "object_id": "8d6d3803-a095-4f14-a168-b79bc749b740", "object_repr": "Order object (8d6d3803-a095-4f14-a168-b79bc749b740)", "action_flag": 3, "change_message": ""}}, {"model": "admin.logentry", "pk": 73, "fields": {"action_time": "2020-09-29T17:13:13.266Z", "user": 1, "content_type": 15, "object_id": "80734dd5-633c-43fb-9fb2-ee8c749ef9a9", "object_repr": "Order object (80734dd5-633c-43fb-9fb2-ee8c749ef9a9)", "action_flag": 3, "change_message": ""}}, {"model": "admin.logentry", "pk": 74, "fields": {"action_time": "2020-09-29T17:13:13.287Z", "user": 1, "content_type": 15, "object_id": "7194a401-b006-49c5-af01-45232c5599a5", "object_repr": "Order object (7194a401-b006-49c5-af01-45232c5599a5)", "action_flag": 3, "change_message": ""}}, {"model": "admin.logentry", "pk": 75, "fields": {"action_time": "2020-09-29T17:13:13.308Z", "user": 1, "content_type": 15, "object_id": "633ccbae-6269-4c2f-b7cd-52ca5d5895b2", "object_repr": "Order object (633ccbae-6269-4c2f-b7cd-52ca5d5895b2)", "action_flag": 3, "change_message": ""}}, {"model": "admin.logentry", "pk": 76, "fields": {"action_time": "2020-09-29T17:13:13.334Z", "user": 1, "content_type": 15, "object_id": "403ea789-8abf-4d52-b475-7aaff0601cb4", "object_repr": "Order object (403ea789-8abf-4d52-b475-7aaff0601cb4)", "action_flag": 3, "change_message": ""}}, {"model": "admin.logentry", "pk": 77, "fields": {"action_time": "2020-09-29T17:13:13.356Z", "user": 1, "content_type": 15, "object_id": "1efd0f99-8f26-4b40-8c0a-f26548f18f44", "object_repr": "Order object (1efd0f99-8f26-4b40-8c0a-f26548f18f44)", "action_flag": 3, "change_message": ""}}, {"model": "admin.logentry", "pk": 78, "fields": {"action_time": "2020-09-29T17:13:13.379Z", "user": 1, "content_type": 15, "object_id": "0f5f871a-2575-4469-8abd-913cfa39b5cd", "object_repr": "Order object (0f5f871a-2575-4469-8abd-913cfa39b5cd)", "action_flag": 3, "change_message": ""}}, {"model": "admin.logentry", "pk": 79, "fields": {"action_time": "2020-09-29T19:59:41.944Z", "user": 1, "content_type": 4, "object_id": "14", "object_repr": "TutorMan", "action_flag": 3, "change_message": ""}}, {"model": "admin.logentry", "pk": 80, "fields": {"action_time": "2020-09-29T19:59:41.978Z", "user": 1, "content_type": 4, "object_id": "16", "object_repr": "chrisbum", "action_flag": 3, "change_message": ""}}, {"model": "admin.logentry", "pk": 81, "fields": {"action_time": "2020-09-29T19:59:42.005Z", "user": 1, "content_type": 4, "object_id": "11", "object_repr": "m.hryciuk", "action_flag": 3, "change_message": ""}}, {"model": "admin.logentry", "pk": 82, "fields": {"action_time": "2020-09-29T19:59:42.032Z", "user": 1, "content_type": 4, "object_id": "12", "object_repr": "m.hryciuks", "action_flag": 3, "change_message": ""}}, {"model": "admin.logentry", "pk": 83, "fields": {"action_time": "2020-09-29T19:59:42.058Z", "user": 1, "content_type": 4, "object_id": "13", "object_repr": "m.hryciukss", "action_flag": 3, "change_message": ""}}, {"model": "admin.logentry", "pk": 84, "fields": {"action_time": "2020-09-29T19:59:42.085Z", "user": 1, "content_type": 4, "object_id": "15", "object_repr": "sadie", "action_flag": 3, "change_message": ""}}, {"model": "admin.logentry", "pk": 85, "fields": {"action_time": "2020-09-29T19:59:42.111Z", "user": 1, "content_type": 4, "object_id": "17", "object_repr": "sadieR", "action_flag": 3, "change_message": ""}}, {"model": "auth.permission", "pk": 1, "fields": {"name": "Can add log entry", "content_type": 1, "codename": "add_logentry"}}, {"model": "auth.permission", "pk": 2, "fields": {"name": "Can change log entry", "content_type": 1, "codename": "change_logentry"}}, {"model": "auth.permission", "pk": 3, "fields": {"name": "Can delete log entry", "content_type": 1, "codename": "delete_logentry"}}, {"model": "auth.permission", "pk": 4, "fields": {"name": "Can view log entry", "content_type": 1, "codename": "view_logentry"}}, {"model": "auth.permission", "pk": 5, "fields": {"name": "Can add permission", "content_type": 2, "codename": "add_permission"}}, {"model": "auth.permission", "pk": 6, "fields": {"name": "Can change permission", "content_type": 2, "codename": "change_permission"}}, {"model": "auth.permission", "pk": 7, "fields": {"name": "Can delete permission", "content_type": 2, "codename": "delete_permission"}}, {"model": "auth.permission", "pk": 8, "fields": {"name": "Can view permission", "content_type": 2, "codename": "view_permission"}}, {"model": "auth.permission", "pk": 9, "fields": {"name": "Can add group", "content_type": 3, "codename": "add_group"}}, {"model": "auth.permission", "pk": 10, "fields": {"name": "Can change group", "content_type": 3, "codename": "change_group"}}, {"model": "auth.permission", "pk": 11, "fields": {"name": "Can delete group", "content_type": 3, "codename": "delete_group"}}, {"model": "auth.permission", "pk": 12, "fields": {"name": "Can view group", "content_type": 3, "codename": "view_group"}}, {"model": "auth.permission", "pk": 13, "fields": {"name": "Can add user", "content_type": 4, "codename": "add_user"}}, {"model": "auth.permission", "pk": 14, "fields": {"name": "Can change user", "content_type": 4, "codename": "change_user"}}, {"model": "auth.permission", "pk": 15, "fields": {"name": "Can delete user", "content_type": 4, "codename": "delete_user"}}, {"model": "auth.permission", "pk": 16, "fields": {"name": "Can view user", "content_type": 4, "codename": "view_user"}}, {"model": "auth.permission", "pk": 17, "fields": {"name": "Can add content type", "content_type": 5, "codename": "add_contenttype"}}, {"model": "auth.permission", "pk": 18, "fields": {"name": "Can change content type", "content_type": 5, "codename": "change_contenttype"}}, {"model": "auth.permission", "pk": 19, "fields": {"name": "Can delete content type", "content_type": 5, "codename": "delete_contenttype"}}, {"model": "auth.permission", "pk": 20, "fields": {"name": "Can view content type", "content_type": 5, "codename": "view_contenttype"}}, {"model": "auth.permission", "pk": 21, "fields": {"name": "Can add session", "content_type": 6, "codename": "add_session"}}, {"model": "auth.permission", "pk": 22, "fields": {"name": "Can change session", "content_type": 6, "codename": "change_session"}}, {"model": "auth.permission", "pk": 23, "fields": {"name": "Can delete session", "content_type": 6, "codename": "delete_session"}}, {"model": "auth.permission", "pk": 24, "fields": {"name": "Can view session", "content_type": 6, "codename": "view_session"}}, {"model": "auth.permission", "pk": 25, "fields": {"name": "Can add site", "content_type": 7, "codename": "add_site"}}, {"model": "auth.permission", "pk": 26, "fields": {"name": "Can change site", "content_type": 7, "codename": "change_site"}}, {"model": "auth.permission", "pk": 27, "fields": {"name": "Can delete site", "content_type": 7, "codename": "delete_site"}}, {"model": "auth.permission", "pk": 28, "fields": {"name": "Can view site", "content_type": 7, "codename": "view_site"}}, {"model": "auth.permission", "pk": 29, "fields": {"name": "Can add email address", "content_type": 8, "codename": "add_emailaddress"}}, {"model": "auth.permission", "pk": 30, "fields": {"name": "Can change email address", "content_type": 8, "codename": "change_emailaddress"}}, {"model": "auth.permission", "pk": 31, "fields": {"name": "Can delete email address", "content_type": 8, "codename": "delete_emailaddress"}}, {"model": "auth.permission", "pk": 32, "fields": {"name": "Can view email address", "content_type": 8, "codename": "view_emailaddress"}}, {"model": "auth.permission", "pk": 33, "fields": {"name": "Can add email confirmation", "content_type": 9, "codename": "add_emailconfirmation"}}, {"model": "auth.permission", "pk": 34, "fields": {"name": "Can change email confirmation", "content_type": 9, "codename": "change_emailconfirmation"}}, {"model": "auth.permission", "pk": 35, "fields": {"name": "Can delete email confirmation", "content_type": 9, "codename": "delete_emailconfirmation"}}, {"model": "auth.permission", "pk": 36, "fields": {"name": "Can view email confirmation", "content_type": 9, "codename": "view_emailconfirmation"}}, {"model": "auth.permission", "pk": 37, "fields": {"name": "Can add social account", "content_type": 10, "codename": "add_socialaccount"}}, {"model": "auth.permission", "pk": 38, "fields": {"name": "Can change social account", "content_type": 10, "codename": "change_socialaccount"}}, {"model": "auth.permission", "pk": 39, "fields": {"name": "Can delete social account", "content_type": 10, "codename": "delete_socialaccount"}}, {"model": "auth.permission", "pk": 40, "fields": {"name": "Can view social account", "content_type": 10, "codename": "view_socialaccount"}}, {"model": "auth.permission", "pk": 41, "fields": {"name": "Can add social application", "content_type": 11, "codename": "add_socialapp"}}, {"model": "auth.permission", "pk": 42, "fields": {"name": "Can change social application", "content_type": 11, "codename": "change_socialapp"}}, {"model": "auth.permission", "pk": 43, "fields": {"name": "Can delete social application", "content_type": 11, "codename": "delete_socialapp"}}, {"model": "auth.permission", "pk": 44, "fields": {"name": "Can view social application", "content_type": 11, "codename": "view_socialapp"}}, {"model": "auth.permission", "pk": 45, "fields": {"name": "Can add social application token", "content_type": 12, "codename": "add_socialtoken"}}, {"model": "auth.permission", "pk": 46, "fields": {"name": "Can change social application token", "content_type": 12, "codename": "change_socialtoken"}}, {"model": "auth.permission", "pk": 47, "fields": {"name": "Can delete social application token", "content_type": 12, "codename": "delete_socialtoken"}}, {"model": "auth.permission", "pk": 48, "fields": {"name": "Can view social application token", "content_type": 12, "codename": "view_socialtoken"}}, {"model": "auth.permission", "pk": 49, "fields": {"name": "Can add category", "content_type": 13, "codename": "add_category"}}, {"model": "auth.permission", "pk": 50, "fields": {"name": "Can change category", "content_type": 13, "codename": "change_category"}}, {"model": "auth.permission", "pk": 51, "fields": {"name": "Can delete category", "content_type": 13, "codename": "delete_category"}}, {"model": "auth.permission", "pk": 52, "fields": {"name": "Can view category", "content_type": 13, "codename": "view_category"}}, {"model": "auth.permission", "pk": 53, "fields": {"name": "Can add products", "content_type": 14, "codename": "add_products"}}, {"model": "auth.permission", "pk": 54, "fields": {"name": "Can change products", "content_type": 14, "codename": "change_products"}}, {"model": "auth.permission", "pk": 55, "fields": {"name": "Can delete products", "content_type": 14, "codename": "delete_products"}}, {"model": "auth.permission", "pk": 56, "fields": {"name": "Can view products", "content_type": 14, "codename": "view_products"}}, {"model": "auth.permission", "pk": 57, "fields": {"name": "Can add order", "content_type": 15, "codename": "add_order"}}, {"model": "auth.permission", "pk": 58, "fields": {"name": "Can change order", "content_type": 15, "codename": "change_order"}}, {"model": "auth.permission", "pk": 59, "fields": {"name": "Can delete order", "content_type": 15, "codename": "delete_order"}}, {"model": "auth.permission", "pk": 60, "fields": {"name": "Can view order", "content_type": 15, "codename": "view_order"}}, {"model": "auth.permission", "pk": 61, "fields": {"name": "Can add order item", "content_type": 16, "codename": "add_orderitem"}}, {"model": "auth.permission", "pk": 62, "fields": {"name": "Can change order item", "content_type": 16, "codename": "change_orderitem"}}, {"model": "auth.permission", "pk": 63, "fields": {"name": "Can delete order item", "content_type": 16, "codename": "delete_orderitem"}}, {"model": "auth.permission", "pk": 64, "fields": {"name": "Can view order item", "content_type": 16, "codename": "view_orderitem"}}, {"model": "auth.permission", "pk": 65, "fields": {"name": "Can add coupon", "content_type": 17, "codename": "add_coupon"}}, {"model": "auth.permission", "pk": 66, "fields": {"name": "Can change coupon", "content_type": 17, "codename": "change_coupon"}}, {"model": "auth.permission", "pk": 67, "fields": {"name": "Can delete coupon", "content_type": 17, "codename": "delete_coupon"}}, {"model": "auth.permission", "pk": 68, "fields": {"name": "Can view coupon", "content_type": 17, "codename": "view_coupon"}}, {"model": "auth.permission", "pk": 69, "fields": {"name": "Can add user page", "content_type": 18, "codename": "add_userpage"}}, {"model": "auth.permission", "pk": 70, "fields": {"name": "Can change user page", "content_type": 18, "codename": "change_userpage"}}, {"model": "auth.permission", "pk": 71, "fields": {"name": "Can delete user page", "content_type": 18, "codename": "delete_userpage"}}, {"model": "auth.permission", "pk": 72, "fields": {"name": "Can view user page", "content_type": 18, "codename": "view_userpage"}}, {"model": "auth.user", "pk": 1, "fields": {"password": "pbkdf2_sha256$216000$FMKLUDYKkQsX$T0gIKa89/ZrN8bfLtEd2B84k+DP5vxFlTcSkI7NXDto=", "last_login": "2020-09-30T02:25:31.036Z", "is_superuser": true, "username": "lily", "first_name": "", "last_name": "", "email": "lilyrawlings123@gmail.com", "is_staff": true, "is_active": true, "date_joined": "2020-09-25T10:32:07.792Z", "groups": [], "user_permissions": []}}, {"model": "auth.user", "pk": 18, "fields": {"password": "pbkdf2_sha256$216000$sYIpPv7MJFT2$yjGPhgxBdBOIq5o3QeHRmrgL9N2MNO10fNU+5nz6HP4=", "last_login": "2020-09-29T20:00:28.797Z", "is_superuser": false, "username": "sadie", "first_name": "", "last_name": "", "email": "sadierawlings19@gmail.com", "is_staff": false, "is_active": true, "date_joined": "2020-09-29T20:00:28.526Z", "groups": [], "user_permissions": []}}, {"model": "auth.user", "pk": 19, "fields": {"password": "pbkdf2_sha256$216000$ihCxAX8NsNh4$R8Rv4DSOBBEEsX6PDxKXtaUNBtUVIR/3axKH+11N7sE=", "last_login": "2020-09-30T01:28:50.471Z", "is_superuser": false, "username": "smellysadie", "first_name": "", "last_name": "", "email": "smellysadie@gmail.com", "is_staff": false, "is_active": true, "date_joined": "2020-09-30T01:28:50.181Z", "groups": [], "user_permissions": []}}, {"model": "contenttypes.contenttype", "pk": 1, "fields": {"app_label": "admin", "model": "logentry"}}, {"model": "contenttypes.contenttype", "pk": 2, "fields": {"app_label": "auth", "model": "permission"}}, {"model": "contenttypes.contenttype", "pk": 3, "fields": {"app_label": "auth", "model": "group"}}, {"model": "contenttypes.contenttype", "pk": 4, "fields": {"app_label": "auth", "model": "user"}}, {"model": "contenttypes.contenttype", "pk": 5, "fields": {"app_label": "contenttypes", "model": "contenttype"}}, {"model": "contenttypes.contenttype", "pk": 6, "fields": {"app_label": "sessions", "model": "session"}}, {"model": "contenttypes.contenttype", "pk": 7, "fields": {"app_label": "sites", "model": "site"}}, {"model": "contenttypes.contenttype", "pk": 8, "fields": {"app_label": "account", "model": "emailaddress"}}, {"model": "contenttypes.contenttype", "pk": 9, "fields": {"app_label": "account", "model": "emailconfirmation"}}, {"model": "contenttypes.contenttype", "pk": 10, "fields": {"app_label": "socialaccount", "model": "socialaccount"}}, {"model": "contenttypes.contenttype", "pk": 11, "fields": {"app_label": "socialaccount", "model": "socialapp"}}, {"model": "contenttypes.contenttype", "pk": 12, "fields": {"app_label": "socialaccount", "model": "socialtoken"}}, {"model": "contenttypes.contenttype", "pk": 13, "fields": {"app_label": "products", "model": "category"}}, {"model": "contenttypes.contenttype", "pk": 14, "fields": {"app_label": "products", "model": "products"}}, {"model": "contenttypes.contenttype", "pk": 15, "fields": {"app_label": "checkout", "model": "order"}}, {"model": "contenttypes.contenttype", "pk": 16, "fields": {"app_label": "checkout", "model": "orderitem"}}, {"model": "contenttypes.contenttype", "pk": 17, "fields": {"app_label": "coupons", "model": "coupon"}}, {"model": "contenttypes.contenttype", "pk": 18, "fields": {"app_label": "profiles", "model": "userpage"}}, {"model": "sessions.session", "pk": "0s4qt4ktisppqkyffgza4h8w41dujjs3", "fields": {"session_data": ".eJxVjcsKwjAQRf9l1iUksWlil0KXrhRclFImL1uVRPpYlf67KVTQ5dxz7p0FDA4TlHUNDDJGRCaaJoMW56lr59ENbW-h3NhvptE8XdiAfWC4R2JimIZek00hOx3JOVr3Ou3u30CHY5fa6sA1pZIrkTs8aK8KhTbnzitL8cgF0zp33AtPmZZJVCiNdykqpHSG-TRq4vyOAcoFbD-mI0ytSW_T-OVWVVcqkvMlUIp1_QBRrU3o:1kLofL:BuLkDap6erbmuGamWbY4g0Y8EiFup2XP_CQlXuTEd3M", "expire_date": "2020-10-09T14:25:39.684Z"}}, {"model": "sessions.session", "pk": "379w3ra1y0wkur8wujrqalasucbqyyyc", "fields": {"session_data": ".eJxVjMsOwiAURP_lrgkBChW6dO8XNA3hcbGooaa0icb479qkC91NZs6cF1i3LqNdK842R-hAAPntvAtXLNsQL66cJxqmsszZ0w2h-1rpaYp4O-7sn2B0dfy-DcooBDe6NTFIYRqZJNNRYtKKa-9F4BjNQSahtUqqVT463rRcCekV07hJK9aap2Lxcc_zEzpGILh5ga7vgQPhlBE-kD0rwobh_QHzaUYv:1kMeM8:AEfQ9fuL7ebwlCICqneJnIj1QMFCzxEFmI3oVuTwKCg", "expire_date": "2020-10-11T21:37:16.460Z"}}, {"model": "sessions.session", "pk": "454v201l8prz2cmu8qsnz5j1kiw4zkbe", "fields": {"session_data": "e30:1kN6G2:vqqaDxUYwb-TuKg_Udo3QkdygY86P0A_nuz8aAPmmts", "expire_date": "2020-10-13T03:24:50.726Z"}}, {"model": "sessions.session", "pk": "6jfc2czlda082jwfzd0vpp7yrvv7mysd", "fields": {"session_data": ".eJxVjksLwjAQhP9LziUksWlij0KPnhQ8lFI2L1uVRPo4lf53t1BBjzvfzOwspIV56tp59EPbO1ISTrJfzYB9-rgB94B4T9SmOA29oZuF7nSk5-T867R7_wo6GDtM64MwjCmhZe7hYIIuNLhc-KAdg6OQ3JjciyAD40ahUYOywaNUKOUtD1hqYZhIWdfbREZlxpsGxTS_UyTlQlw_4hGn1uIW_Hi5VdWVSQx-CSnlun4ASetN4w:1kLlMm:N_kVIj6N-oXwyMv7M2R6S4tk2nf9JmoMSrVuvlO33Wk", "expire_date": "2020-10-09T10:54:16.879Z"}}, {"model": "sessions.session", "pk": "72xtb4exzddx4an7bdzywdimfu39aodh", "fields": {"session_data": "eyJjYXJ0IjpbWyIyIiwyLjAsMV1dfQ:1kN3W8:HVsMs93HKE_qCwv3uWWi0IyxH_99ohjiY_yV6NYu7qo", "expire_date": "2020-10-13T00:29:16.336Z"}}, {"model": "sessions.session", "pk": "7efqccydpzw7tk19drcatnipy3l3ac6o", "fields": {"session_data": ".eJxVjcsKwjAQRf9l1iEksTGxS8GlKwUXpZTJy1YlkT5Wpf9uCkV0Ofece2cGi_0IZVUBB8KpJLyuCdg0vVOEcgbXDfmIY2OT81DC5XY6XZkE8iVQyoVAg9PYNtPg-6Zz2ctrv5lB-_RxBe6B8Z6oTXHsO0NXhW50oOf85HXc3L-BFoc2t_VOGMaU0LLwuDNB7zW6QvigHcODkNyYwosgA-NGZVGjssHnaK-UtzzA8gGGO03k:1kLqUp:-LH2CypTfkEYE3NB_CWqRPbumNg7Lofcut9HkYsM5gs", "expire_date": "2020-10-09T16:22:55.681Z"}}, {"model": "sessions.session", "pk": "810dqz64g9cxlggiwiussz2w3kv3t66s", "fields": {"session_data": "eyJjYXJ0IjpbWyIxIiwwLjUsMV1dLCJhY2NvdW50X3ZlcmlmaWVkX2VtYWlsIjpudWxsLCJhY2NvdW50X3VzZXIiOiI3In0:1kNFyu:Oaj0eio5GhbtHFQBN5zwdQ9sI9H-6_lkCSyB5rmBLUk", "expire_date": "2020-10-13T13:47:48.196Z"}}, {"model": "sessions.session", "pk": "a4tcx5qnillx9fc2aiibn5je53fkqseq", "fields": {"session_data": "eyJjYXJ0IjpbWyIxIiwxLjUsMV1dLCJjb3Vwb24iOnsiZGlzY291bnRfY29kZSI6IlNXRUVUMDUiLCJkaXNjb3VudCI6NX19:1kMfqV:OyRCEUszgC8z1eptofHUgYfB7vsgBULNJV0BitXyYJw", "expire_date": "2020-10-11T23:12:43.509Z"}}, {"model": "sessions.session", "pk": "ba3nppekayxbux9trqebcshdhxkrlg5z", "fields": {"session_data": "e30:1kNDuR:bqCHK3gLej7kHRUCTwpiR3_r8T87UvUKkNXtYblC02I", "expire_date": "2020-10-13T11:35:03.233Z"}}, {"model": "sessions.session", "pk": "d4z6g66x4qmnxtixj2y2q4jgnrifyomm", "fields": {"session_data": "eyJjYXJ0IjpbWyIxIiwxLjUsMV1dfQ:1kMXxg:TswRpDa7tBXv9aT4gvNugqIoMx_LWRtoQonv34gnz5c", "expire_date": "2020-10-11T14:47:36.180Z"}}, {"model": "sessions.session", "pk": "dlfkjtyabg5fmu232sc465onb1gylyjs", "fields": {"session_data": "eyJjYXJ0IjpbWyIxIiwxLjUsMV1dfQ:1kN3FV:vVcL-kG3HyWiOY7LsTV_Rub8axuF8EcZCmnOJ1tVcqQ", "expire_date": "2020-10-13T00:12:05.511Z"}}, {"model": "sessions.session", "pk": "dnzi44bycwdbx21fq4ld9fb25vldppd4", "fields": {"session_data": ".eJxVjEEOwiAQRe_C2hCgUNCle89AZmBGqoYmpV0Z7y5NutDte-__t4iwrSVujZY4ZXERWpx-GUJ6Ut1FfkC9zzLNdV0mlHsiD9vkbc70uh7t30GBVvo6DAaV8iY4SzAghzFAtoY4ZAVn4zSiJcOOlUbfwwA-MXU0ek9Js_h8AdheN_4:1kLqUp:3QgWgBjLboWyg0q5LLxm2qNaOFHzdHe55cPQ7WNue-c", "expire_date": "2020-10-09T16:22:55.935Z"}}, {"model": "sessions.session", "pk": "fq8tlswc02l1l3pasny7ck85c7vmkbf0", "fields": {"session_data": ".eJyrVkpOLCpRsoqOVjJU0jHSM9AxjNUBsw2BbGMUdmwtAA4cCwU:1kMeSn:kop5uEIjGOk4HK0P-1Q5K9zgy1FbQeQIeqhwix2Y-Zk", "expire_date": "2020-10-11T21:44:09.962Z"}}, {"model": "sessions.session", "pk": "joqwj0ov2rlb3zjc77cvig6awp0t98za", "fields": {"session_data": ".eJxVjEEOwiAQRe_C2hCgUNCle89AZmBGqoYmpV0Z7y5NutDte-__t4iwrSVujZY4ZXERWpx-GUJ6Ut1FfkC9zzLNdV0mlHsiD9vkbc70uh7t30GBVvo6DAaV8iY4SzAghzFAtoY4ZAVn4zSiJcOOlUbfwwA-MXU0ek9Js_h8AdheN_4:1kNHeH:_ApnLWghtZ56kf-ZvCYJKgWrSW4gpvMlvNa6Vn2_QvI", "expire_date": "2020-10-13T15:34:37.549Z"}}, {"model": "sessions.session", "pk": "m8tqf9opthfommdq4kkfmejypz84v02b", "fields": {"session_data": ".eJxVjcsKwjAQRf9l1iEkadPELoUuXSm4KFImL1uVRPpYlf67UURwN3PPmbkrWBxnqNsWCiCMSsIvpIUKCP_MFwI2Lc8UoV7BDVNe4tzZ5DzUcDw3zYlJID8CtdwIdLjMfbdMfuwGlz0Of5lBe_fxDdwN4zVRm-I8Doa-FfqlEz3kksf-6_496HHq87UuhGFMCS1Lj4UJutLoSuGDdgx3QnJjSi-CDIwblUWNygafo0opb3mA7QX8_1Bg:1kN2B6:S87wFUKKHh5CAR1VOJezmv6uiQzQ9dDN9UqoeReGEUE", "expire_date": "2020-10-12T23:03:28.940Z"}}, {"model": "sessions.session", "pk": "nri378nef6clfrytz34xopfqne9ss3yn", "fields": {"session_data": "e30:1kNS7v:1edmkd5TRi8vw0zV9YZQvZM9RkN4C6Z3O6vUJHrSfUg", "expire_date": "2020-10-14T02:45:55.480Z"}}, {"model": "sessions.session", "pk": "opfttkiznxyxx4fkhi59uq4tiaxqz01j", "fields": {"session_data": ".eJxVjcsKgzAQRf9l1hKS1JjUZcFlVy10GfKYVNuSFKMr8d8bQQou555z7yzg0vxNEdoF_JDLESftkkdo4fboujsVUP0JtGKtQJt56vWccdSDLx6DQ2aNe2PcgH-Z-EzEpTiNgyWbQnaaybU8-Vx29zDQm9yXtjpxS6nkStRoTjaoRhlfcwzKU3PmgllbIw8iUGZlEZWRLmCJGinRsQDrD6cUSI4:1kN66T:yHWBDD4QT30-rbf2BbEx_X6OvhdEfPiUm169WNZJVHA", "expire_date": "2020-10-13T03:14:57.411Z"}}, {"model": "sessions.session", "pk": "qvrndh31ii0ispieyaosyyyxi1nvbgv6", "fields": {"session_data": ".eJxVjkEOgyAURO_C2hBAEOqye09gDPkfPtW20URx1fTuxcZFu5vMvJnMi3nY8-j3jVY_RdYyyapfDyE8aD6CeIf5tvCwzHmdkB8IP9ONd0uk5_Vk_wZG2MbSdrVCIaxyRhPUmFzjIGpFyUUBF2UkoiaVTBISbQEd2JCoWI21FGQqowHWzNq-Py4qLio5VF8tuCl6eH8AkpI_xQ:1kMBdK:PtRScNqUDuYCK9Pxr6MeaHGy2iVwpMIHEwzgCDS9vg0", "expire_date": "2020-10-10T14:57:06.440Z"}}, {"model": "sessions.session", "pk": "vc26csqanh9kruxb2nhe1ic7go0x1335", "fields": {"session_data": "eyJjYXJ0IjpbWyIxIiwxLjUsMV0sWyIxIiwyLjAsMV1dfQ:1kN2VU:kSv80vexuGubedDEMhM4IayXZnMD7wrV-00BGqP8UL4", "expire_date": "2020-10-12T23:24:32.960Z"}}, {"model": "sessions.session", "pk": "vvf1yhf4vjjkq0j2t8b1e9zvymvibp13", "fields": {"session_data": "e30:1kNFwe:xJxrukqMBamkXEGaSXkJSC8t3QN7rITaFkSD4YtZ1As", "expire_date": "2020-10-13T13:45:28.225Z"}}, {"model": "sessions.session", "pk": "weagv4qo7yjx1z5fz1i4xwa4eeus8ujh", "fields": {"session_data": "eyJjYXJ0IjpbWyIxIiwyLjAsM11dfQ:1kMCTN:HWZAGq83L68hvc9dlLj-MBTKqutm2BRYQRqjeFccy0g", "expire_date": "2020-10-10T15:50:53.555Z"}}, {"model": "sessions.session", "pk": "wkzs2n8kcjrhyf55cyuppv3tmnmec3yt", "fields": {"session_data": ".eJxVjEEKwyAQRe_iOoRoo2J27UVkHEcitQYS7ab07jUhFLKc9_68DwPEpeZi37TGEMlbekFMbMo1pe5v60YrmxixjlmoZT6Ajb4xPl6hA3xS3g2ktOP-jPTH5tRbf28X5RIRSlzy4_y6pGbY5tZRJEFKw50yQQnnyDjNtUAzNMgDjk7cuPI4aAqGmyBx34uBK5BeB2TfH1CWThY:1kNIfg:LsUq-LKkbOZWAaTORCh0tba9NjTzDLgaOcOUSj3Umzg", "expire_date": "2020-10-13T16:40:08.765Z"}}, {"model": "sessions.session", "pk": "y5qk56kdms53ziqh88ajebb3tzkdpg8s", "fields": {"session_data": ".eJxVjEEOwiAQRe_C2hCgUNCle89AZmBGqoYmpV0Z7y5NutDte-__t4iwrSVujZY4ZXERWpx-GUJ6Ut1FfkC9zzLNdV0mlHsiD9vkbc70uh7t30GBVvo6DAaV8iY4SzAghzFAtoY4ZAVn4zSiJcOOlUbfwwA-MXU0ek9Js_h8AdheN_4:1kNJoS:B8D9tb4crvS5mv5awyBUgZRPudWtve1QmIVlFyB7DZw", "expire_date": "2020-10-13T17:53:16.708Z"}}, {"model": "sessions.session", "pk": "z0eyrggs8r4uklz2zlylqf78lwdm96fj", "fields": {"session_data": ".eJxVjksLgzAQhP_LniUkqTGpx4LHnlroQUQ2r2pbkuLjJP73RpCCx535ZnYWMHH-xgDlArYf0xGm1kTroITbo6ruVED2d6AUawYtzlPXzqMb2t4mjsFB02jeLmyGfWF4RmJimIZekw0huzuSa3ryuezsoaDDsUtpdeKaUsmVyB2etFeFQptz55WleOaCaZ077oWnTMsEKpTGuyQVUjrDfCo1OKTNdb1NZIRmrGnWH9MZTd8:1kMtDm:f68mPdjw8O7n3N_w0wNLb7M72iIdiAAPbKiBKG5y1sI", "expire_date": "2020-10-12T13:29:38.925Z"}}, {"model": "sites.site", "pk": 1, "fields": {"domain": "example.com", "name": "example.com"}}, {"model": "account.emailaddress", "pk": 7, "fields": {"user": 18, "email": "sadierawlings19@gmail.com", "verified": false, "primary": true}}, {"model": "account.emailaddress", "pk": 8, "fields": {"user": 19, "email": "smellysadie@gmail.com", "verified": false, "primary": true}}, {"model": "products.category", "pk": 1, "fields": {"flavour": "sweet"}}, {"model": "products.category", "pk": 2, "fields": {"flavour": "fizzy"}}, {"model": "products.category", "pk": 4, "fields": {"flavour": "sour"}}, {"model": "products.category", "pk": 6, "fields": {"flavour": "hardCandy"}}, {"model": "products.category", "pk": 7, "fields": {"flavour": "chocolate"}}, {"model": "products.products", "pk": 1, "fields": {"quantity": "0.50", "category": 2, "sku": "fizzy122", "name": "Fizzy Worms", "description": "Tasty , zingy worms ..super tasty raspberry sour , flavoured worms. \r\n** no worms were harmed in the making of these treats ;)", "price": "4.99", "image_url": null, "image": "sharon-mccutcheon-SGI0i5sHCL8-unsplash_DmzIuTR.jpg"}}, {"model": "products.products", "pk": 2, "fields": {"quantity": "0.50", "category": 1, "sku": "jelabcd", "name": "jelly beans", "description": "An assortment of flavours and colours, these sweet candys covered in a soft and chew shell with a soft , jelly inside. Sweet Moments are one of the few companies to supply a vegan jellybean treat. Get em while they last !!!", "price": "5.99", "image_url": null, "image": "JellyBeans_2rXY2Z2.png"}}, {"model": "products.products", "pk": 3, "fields": {"quantity": "0.50", "category": 1, "sku": "mallowabc", "name": "Mallow Hearts", "description": "A perfect gift for a loved one...or better yet, for you! Soft , powdered , puffs of joy! These little squishy snacks are  great for a treat, and bonus theres only 25 CALORIES per mallow. Hows that for your sweet moment", "price": "4.99", "image_url": null, "image": "mallow_hearts_MWqMgBN.jpg"}}, {"model": "products.products", "pk": 4, "fields": {"quantity": "0.50", "category": null, "sku": "fruitsab", "name": "Wine Gums", "description": "An oldie but a goodie. These old style treats never go out of style. With our new and improved vegan recipe you can now enjoy these old boys. Our wine gums come in a range of flavours.", "price": "6.99", "image_url": null, "image": "wine_gums_ACrvJlJ.jpg"}}, {"model": "products.products", "pk": 5, "fields": {"quantity": "0.50", "category": 6, "sku": "buttertt", "name": "Butterscotch Candies", "description": "Remember these?? Of course you do...but not like this. These old school hard candies are the first of their kind. Never before seen, Vegan Butterscotch! Here at sweet Moments we like to deliver the unbelievable, so why not be on the receiving end aye?", "price": "9.99", "image_url": null, "image": "butterscotch_candy_2P1li6r.jpg"}}, {"model": "products.products", "pk": 6, "fields": {"quantity": "0.50", "category": 7, "sku": "choc101", "name": "Coconut Milk Chocolate", "description": "Tis our yummy chocolate invention. Made with coconut milk and mixed with little tiny mallows.", "price": "8.99", "image_url": null, "image": "vegan_chocolate_IFJDAjg.jpg"}}, {"model": "products.products", "pk": 7, "fields": {"quantity": "0.50", "category": 2, "sku": "fizhearts", "name": "Fizzy Hearts", "description": "Our little fizzy hearts are a zesty sherbert flavour that come with their own little love message to you!", "price": "3.99", "image_url": null, "image": "obi-onyeador-ohqX8M_z85E-unsplash_zhRX96l.jpg"}}, {"model": "products.products", "pk": 8, "fields": {"quantity": "0.50", "category": null, "sku": "fruits", "name": "Sour candied fruit jellies", "description": "Yummy candied fruit. caramalized and tossed in sugar, these little guys come with a legitimate fruity flavour and tons of sour sugar to make your eyes water", "price": "7.99", "image_url": null, "image": "liliana-olivares-g56O5L0ZVmg-unsplash_fa01nKT.jpg"}}, {"model": "products.products", "pk": 9, "fields": {"quantity": "0.50", "category": 4, "sku": "wormnon", "name": "sour jellyworms", "description": "eyewateringly sour. These little guys are for the brave...or those who have no tastebuds. Raspberry and blueberry flavoured.", "price": "4.99", "image_url": null, "image": "sylvanus-urban-XVYz_QeiEBw-unsplash.jpg"}}, {"model": "products.products", "pk": 10, "fields": {"quantity": "0.50", "category": 7, "sku": "chocheart", "name": "Chocolate Sprinkled bites", "description": "Bite size , creamy , white chocolate hearts. Made with plant based milk.", "price": "2.99", "image_url": null, "image": "sharon-mccutcheon-Qa2jBJ1VeOE-unsplash.jpg"}}, {"model": "products.products", "pk": 11, "fields": {"quantity": "0.50", "category": 1, "sku": "fudge11", "name": "Salted Carmel Fudge", "description": "The best of its vegan kind! This salty sweet fudge melts in your mouth. Made with sea salt and fudgey goodness", "price": "8.99", "image_url": null, "image": "salted_fudge_MWL3IQl.jpg"}}, {"model": "checkout.order", "pk": "07630455-6684-4646-9ce6-fe91a7c753dd", "fields": {"coupon": null, "buyer": 18, "first_name": "sadie", "second_name": "dangdn", "status": false, "email": "sadierawlings19@gmail.com", "telephone": "0892484100", "country": "IE", "county": "Wexford", "address_1": "Hazelwood", "address_2": "Goreybridge", "date": "2020-09-29", "original_cart": "[[\"3\", 2.0, 1]]", "stripe_pid": "pi_1HWpHpIgPE9MtcG4sqXuwgb0"}}, {"model": "checkout.order", "pk": "18620dfc-a4b4-4687-9658-7ee58ad4e3e8", "fields": {"coupon": null, "buyer": 18, "first_name": "sadie", "second_name": "rawlings", "status": false, "email": "lilyrawlings123@gmail.com", "telephone": "0892484100", "country": "IE", "county": "Wexford", "address_1": "Tomnamuc", "address_2": "gorey", "date": "2020-09-29", "original_cart": "[[\"2\", 2.0, 1]]", "stripe_pid": "pi_1HWp4dIgPE9MtcG44RTOfyJR"}}, {"model": "checkout.order", "pk": "2df4603e-00a6-4397-9289-33b7574e473d", "fields": {"coupon": null, "buyer": 1, "first_name": "testeTEST", "second_name": "test", "status": false, "email": "ted@email.com", "telephone": "fesg", "country": "OM", "county": "fds", "address_1": "test", "address_2": "test", "date": "2020-09-29", "original_cart": "[[\"1\", 1.0, 1], [\"3\", 2.0, 1]]", "stripe_pid": "pi_1HWn0hIgPE9MtcG46SsuVNK8"}}, {"model": "checkout.order", "pk": "366b968c-4cb4-4573-b141-59401e32d229", "fields": {"coupon": null, "buyer": 1, "first_name": "s", "second_name": "fsafas", "status": false, "email": "michal.k.hryciuk@gmail.com", "telephone": "899597477", "country": "AF", "county": "Wexford", "address_1": "18 Mill Green", "address_2": "2fas", "date": "2020-09-29", "original_cart": "[[\"1\", 2.0, 1]]", "stripe_pid": "pi_1HWn0VIgPE9MtcG41O4hcsRq"}}, {"model": "checkout.order", "pk": "40c757e7-4ee8-4bc3-bc92-d59bb60b20f0", "fields": {"coupon": null, "buyer": 1, "first_name": "test", "second_name": "test", "status": false, "email": "lilyrawlings123@gmail.com", "telephone": "0892484100", "country": "IE", "county": "Wexford", "address_1": "Hazelwood", "address_2": "Goreybridge", "date": "2020-09-30", "original_cart": "[[\"1\", 1.0, 1], [\"1\", 1.5, 1], [\"1\", 1.5, 1], [\"2\", 1.0, 1], [\"1\", 1.0, 1], [\"1\", 1.0, 1], [\"1\", 1.0, 1]]", "stripe_pid": "pi_1HWuftIgPE9MtcG4iLotZaHC"}}, {"model": "checkout.order", "pk": "43950266-2da3-4cc4-a678-31e7ae54e631", "fields": {"coupon": null, "buyer": null, "first_name": "s", "second_name": "fsafas", "status": false, "email": "michal.k.hryciuk@gmail.com", "telephone": "899597477", "country": "IE", "county": "Wexford", "address_1": "18 Mill Green", "address_2": "2e", "date": "2020-09-29", "original_cart": "[[\"1\", 2.0, 1]]", "stripe_pid": "pi_1HWmgvIgPE9MtcG43M2RcDGW"}}, {"model": "checkout.order", "pk": "a8132cf4-6c60-4d32-a7e0-37b115361561", "fields": {"coupon": null, "buyer": null, "first_name": "s", "second_name": "s", "status": false, "email": "m.hryciuk@draftkings.com", "telephone": "899597477", "country": "IE", "county": "Wexford", "address_1": "18 Mill Green", "address_2": "31", "date": "2020-09-29", "original_cart": "[[\"1\", 0.5, 1]]", "stripe_pid": "pi_1HWmO9IgPE9MtcG42GYWVmaH"}}, {"model": "checkout.order", "pk": "e643829c-fbea-4a5b-9a1c-85b20bc490f0", "fields": {"coupon": null, "buyer": 1, "first_name": "test", "second_name": "test", "status": false, "email": "test2@gmail.com", "telephone": "gsrg", "country": "IS", "county": "E", "address_1": "TESTT", "address_2": "TEST", "date": "2020-09-30", "original_cart": "[[\"1\", 0.5, 1]]", "stripe_pid": "pi_1HWvJjIgPE9MtcG49eBtHthe"}}, {"model": "checkout.order", "pk": "f8f44ec5-55fc-42f0-9c02-8d2b94957413", "fields": {"coupon": null, "buyer": 1, "first_name": "lily", "second_name": "rawlings", "status": false, "email": "lilyrawlings123@gmail.com", "telephone": "0892484100", "country": "IE", "county": "Wexford", "address_1": "Tomnamuc", "address_2": "gorey", "date": "2020-09-30", "original_cart": "[[\"1\", 0.5, 1], [\"2\", 1.5, 1]]", "stripe_pid": "pi_1HWu0qIgPE9MtcG4AFWIve9N"}}, {"model": "checkout.orderitem", "pk": 53, "fields": {"order": "a8132cf4-6c60-4d32-a7e0-37b115361561", "products": 1, "quantity": 1, "order_item_total": "4.99"}}, {"model": "checkout.orderitem", "pk": 54, "fields": {"order": "43950266-2da3-4cc4-a678-31e7ae54e631", "products": 1, "quantity": 1, "order_item_total": "4.99"}}, {"model": "checkout.orderitem", "pk": 55, "fields": {"order": "366b968c-4cb4-4573-b141-59401e32d229", "products": 1, "quantity": 1, "order_item_total": "4.99"}}, {"model": "checkout.orderitem", "pk": 56, "fields": {"order": "2df4603e-00a6-4397-9289-33b7574e473d", "products": 1, "quantity": 1, "order_item_total": "4.99"}}, {"model": "checkout.orderitem", "pk": 57, "fields": {"order": "2df4603e-00a6-4397-9289-33b7574e473d", "products": 3, "quantity": 1, "order_item_total": "4.99"}}, {"model": "checkout.orderitem", "pk": 58, "fields": {"order": "18620dfc-a4b4-4687-9658-7ee58ad4e3e8", "products": 2, "quantity": 1, "order_item_total": "5.99"}}, {"model": "checkout.orderitem", "pk": 59, "fields": {"order": "07630455-6684-4646-9ce6-fe91a7c753dd", "products": 3, "quantity": 1, "order_item_total": "4.99"}}, {"model": "checkout.orderitem", "pk": 60, "fields": {"order": "f8f44ec5-55fc-42f0-9c02-8d2b94957413", "products": 1, "quantity": 1, "order_item_total": "4.99"}}, {"model": "checkout.orderitem", "pk": 61, "fields": {"order": "f8f44ec5-55fc-42f0-9c02-8d2b94957413", "products": 2, "quantity": 1, "order_item_total": "5.99"}}, {"model": "checkout.orderitem", "pk": 62, "fields": {"order": "40c757e7-4ee8-4bc3-bc92-d59bb60b20f0", "products": 1, "quantity": 1, "order_item_total": "4.99"}}, {"model": "checkout.orderitem", "pk": 63, "fields": {"order": "40c757e7-4ee8-4bc3-bc92-d59bb60b20f0", "products": 1, "quantity": 1, "order_item_total": "4.99"}}, {"model": "checkout.orderitem", "pk": 64, "fields": {"order": "40c757e7-4ee8-4bc3-bc92-d59bb60b20f0", "products": 1, "quantity": 1, "order_item_total": "4.99"}}, {"model": "checkout.orderitem", "pk": 65, "fields": {"order": "40c757e7-4ee8-4bc3-bc92-d59bb60b20f0", "products": 2, "quantity": 1, "order_item_total": "5.99"}}, {"model": "checkout.orderitem", "pk": 66, "fields": {"order": "40c757e7-4ee8-4bc3-bc92-d59bb60b20f0", "products": 1, "quantity": 1, "order_item_total": "4.99"}}, {"model": "checkout.orderitem", "pk": 67, "fields": {"order": "40c757e7-4ee8-4bc3-bc92-d59bb60b20f0", "products": 1, "quantity": 1, "order_item_total": "4.99"}}, {"model": "checkout.orderitem", "pk": 68, "fields": {"order": "40c757e7-4ee8-4bc3-bc92-d59bb60b20f0", "products": 1, "quantity": 1, "order_item_total": "4.99"}}, {"model": "checkout.orderitem", "pk": 69, "fields": {"order": "e643829c-fbea-4a5b-9a1c-85b20bc490f0", "products": 1, "quantity": 1, "order_item_total": "4.99"}}, {"model": "coupons.coupon", "pk": 1, "fields": {"discount_code": "SWEET05", "start_date": "2020-09-25T10:39:26Z", "end_date": "2020-11-21T10:39:30Z", "discount": 5, "valid": true}}, {"model": "profiles.userpage", "pk": 4, "fields": {"user": 1, "Primary_email": "lilyrawlings123@gmail.com", "Primary_telephone": "0892484100", "Primary_country": "IE", "profile_county": "Wexford", "Primary_address_1": "mexican land", "Primary_address_2": "taco lane"}}, {"model": "profiles.userpage", "pk": 17, "fields": {"user": 18, "Primary_email": "sadie19@gmail.com", "Primary_telephone": "892484100", "Primary_country": "HU", "profile_county": "Wexford", "Primary_address_1": "mexican land", "Primary_address_2": "taco lane"}}, {"model": "profiles.userpage", "pk": 18, "fields": {"user": 19, "Primary_email": null, "Primary_telephone": null, "Primary_country": null, "profile_county": null, "Primary_address_1": null, "Primary_address_2": null}}]